name,rating_info,review_text
Cynthia,"Rating, 5 stars
,
Â·
1 week ago
,
Â·
Stayed a few nights","I could not recommend this home more highly!! A+++
This is our second stay and Iâ€™m positive we will be back again in the future. Patriciaâ€™s home is always clean and inviting. The beds are really comfortable, the AC IS GREAT, and the location is perfectly situated within 3 blocks in all directions to our family members.
Thank you again Patricia!"
Delyth,"Rating, 5 stars
,
Â·
1 week ago
,
Â·
Stayed over a week","I love Patriciaâ€™s place, a real home away from home. Iâ€™ve stayed here a few times and it never disappoints. Comfortable, everything you need and in a safe and convenient neighbourhood for all things Borger has to offer"
Delyth,"Rating, 5 stars
,
Â·
3 weeks ago
,
Â·
Stayed a few nights","I love Patricaâ€™s place. Very homely and always a comfortable stay. Iâ€™ve stayed here several times as work has bought me into the area, and I wouldnâ€™t stay anywhere else!"
Diana,"Rating, 5 stars
,
Â·
May 2024
,
Â·
Stayed a few nights","Patricia was just an amazing no host. A few of the FPC students got this house to get ready and relax in between exams, practice, ceremonies, and graduation. She was soo nice, even offered her back porch in case some of us wanted to go after and celebrate. ğŸ‰ The house was about 5 minutes from the college which made it ten times even better for us! Definitely recommend, very clean, so comfortable and very will located."
Delyth,"Rating, 5 stars
,
Â·
April 2024
,
Â·
Stayed over a week","I loved Patricaâ€™s lovely home. It was super clean and has a very well appointed kitchen with everything you needed.
The neighbourhood was lovely and quiet and felt very safe (I went running a few times on my own and felt very safe)
Very easy to get to all the key bits of Borger, whether you are here for work or fun.
I will definitely use Patriciaâ€™s place again"
Thomas,"Rating, 5 stars
,
Â·
March 2024
,
Â·
Stayed a few nights",very nice peaceful and quiet
Cynthia,"Rating, 5 stars
,
Â·
November 2023
,
Â·
Stayed a few nights","Tish was a PERFECT hostess! I highly recommend this property. Fantastic parking, beautiful cottage inside and out! The beds are super comfortable! Her cottage made us feel very â€œat homeâ€, I really didnâ€™t want to leave!
Will always try to book this place on any future visits to Borger."
David,"Rating, 5 stars
,
Â·
August 2023
,
Â·
Stayed about a week","My wife and Iove this place, definitely will come back soon!"
Isaac,"Rating, 5 stars
,
Â·
July 2023
,
Â·
Stayed a few nights","Great stay, very friendly hosts. Weâ€™ll stay here again."
Eduardo,"Rating, 5 stars
,
Â·
June 2023
,
Â·
Stayed with kids","Look no further! Exceptionally clean, cozy and very well appointed home! To top it off owner Patricia is extremely caring and welcoming. Did I mentioned how clean the place is!? Definitely staying here next time we are in town."
Donna,"Rating, 5 stars
,
Â·
May 2023
,
Â·
Stayed a few nights","My 3rd time staying at this sweet cottage, will continue to stay here when I come to Texas from Louisiana, itâ€™s a great location to my grandkids and Walmart, Trish is a great host and a beautiful person .."
Luis,"Rating, 5 stars
,
Â·
May 2023
,
Â·
Stayed a few nights",will definitely rent this place again.
Robert,"Rating, 5 stars
,
Â·
March 2023
,
Â·
Stayed a few nights","Great place, great stay!"
Rosario,"Rating, 5 stars
,
Â·
March 2023
,
Â·
Stayed a few nights",Great place! Definitely will come back.
Carrie,"Rating, 5 stars
,
Â·
October 2022
,
Â·
Stayed a few nights",Fantastic host and home! Gerald was extremely accommodating and was very quick to respond to any questions we had. We would highly recommend Gerald and this home to anyone looking for a place to stay in Borger!
Katrina,"Rating, 5 stars
,
Â·
October 2022
,
Â·
Stayed with kids","Gerald was an extremely accomodating and kind host. His place was immaculate and very well stocked and set up for a comfortable, easy stay. The cottage is beautifully decorated and the king bed was incredibly comfortable. From my first message about our stay to our departure, our stay was peaceful and relaxing stay. All the little extras and thoughtful touches made the stay wonderful. Gerald went above and beyond as a great host. We will definitely look forward to staying here again next time we will be in the area."
Meleanna,"Rating, 5 stars
,
Â·
September 2022
,
Â·
Stayed a few nights",This home is minutes from shopping and right off the main highway but you wouldnâ€™t know it - the neighborhood is quiet and safe. The home is cozy and the details in the home are just beautiful. The back patio is such a great space I really wish I was able to utilize it more but I plan to return! The owners are close and EXTREMELY KIND! They even left laundry soap- it was a perfect stay! Thank you so much for your great home and amazing hospitality.
Anthony,"Rating, 5 stars
,
Â·
August 2022
,
Â·
Stayed a few nights","This house is very clean and cozy. The owners really take pride of the inside as well as the outside. The washer and dryer works well. The house is located fairly close to good restaurants. The neighborhood is quiet. We had no issues with the Wi-Fi. We will definitely be staying here in the future, if it is available."
Linda,"Rating, 5 stars
,
Â·
July 2022
,
Â·
Stayed a few nights","The Airbnb home is amazingly beautiful, clean and a get place to stay. The back yard area is decorated beautifully as well. Gerald is communicative always. We always try to book this place when we visit that area. Highly recommend."
David Stacy,"Rating, 5 stars
,
Â·
June 2022
,
Â·
Stayed about a week",Absolutely perfect!!
Kelly,"Rating, 5 stars
,
Â·
November 2021
,
Â·
Stayed over a week","Gerald and his wife are great hosts - if you need to be in Borger, this is the place to stay!"
Kelly,"Rating, 5 stars
,
Â·
October 2021
,
Â·
Stayed over a week",Great hosts and comfortable cottage - it feels very cozy! We highly recommend them for a stay in Borger.
Nicole,"Rating, 5 stars
,
Â·
September 2021
,
Â·
Stayed with kids",Mr. Gerald and his place were great! Both him and his wife were very kind and easy to talk to. The property is very well maintained and in a quiet neighborhood. We wouldnâ€™t hesitate to stay again.
Kelly,"Rating, 5 stars
,
Â·
September 2021
,
Â·
Stayed over a week","We really enjoyed our stay - They are excellent hosts and they create a cozy, comforting environment for they guests. We highly recommend it!"
Kelly,"Rating, 5 stars
,
Â·
June 2021
,
Â·
Stayed over a week","Great cottage , lovingly decorated with excellent hosts. We highly recommend this cottage for your stay in Borger !"
Christopher,"Rating, 5 stars
,
Â·
June 2021
,
Â·
Stayed with kids","Great location! Perfect for my wife, me, and our two small kids. It's super clean and well located. It's an easy drive to Lake Meredith, and Walmart is right up the street. The backyard is super nice too!"
Charlotte,"Rating, 5 stars
,
Â·
June 2021
,
Â·
Stayed with kids",We had an amazing stay in Borger because of this perfect lil cottage. It was the perfect size for our family!
Chelsea,"Rating, 5 stars
,
Â·
May 2021
,
Â·
Stayed with kids",We enjoyed our stay while staying here. We came in town to visit family for the weekend. We will definitely be staying here again! Geraldâ€™s place was extremely clean and comfortable. They are thoughtful with everything and provided a lot of amenities incase you forget something. We will be recommending this place to our family for future trips!
Beau,"Rating, 5 stars
,
Â·
May 2021
,
Â·
Stayed a few nights","Wonderful people! My husband was here working and they couldn'thave been more helpful to us, very quick to respond to messages, very kind, the place was great it was very clean and according to my husband the beds were amazingly comfortable he really enjoyed being here! I would highlyrecommend this place if you are looking for a great place to stay when you are in this area."
Liz,"Rating, 5 stars
,
Â·
May 2021
,
Â·
Stayed a few nights",This Cottage is amazing. Quaint and cozy. Just what we needed for our mini weekend getaway while in town for a wedding.
Aj,"Rating, 5 stars
,
Â·
April 2021
,
Â·
Stayed a few nights","Very comfortable and peaceful accomodations. Close to restaurants, shopping and a beautiful lake with great fishing."
Sara,"Rating, 5 stars
,
Â·
April 2021
,
Â·
Stayed a few nights",Great host and lovely little house an hour outside of Amarillo. thanks Gerald!
Rafael,"Rating, 5 stars
,
Â·
March 2021
,
Â·
Stayed about a week","You can expect friendly faces to greet you, a cozy place you can call your home away from home, it is a smaller place but no worries. I am a large male and the place was perfect, comfortable beds, you have a nice accommodating back yard with a natural gas grill, and plenty of seating. it's away from the hustle and bustle but close enough that is you need to go to the store it is 5 minutes away."
Linda,"Rating, 5 stars
,
Â·
February 2021
,
Â·
Stayed a few nights",Gerald's place is always sparkling clean and on point! It is our favorite place to stay when we come to TX. We will continue to use this airbnb and would recommend it to everyone!
Michael,"Rating, 5 stars
,
Â·
February 2021
,
Â·
Stayed a few nights",Nice little place. Stayed for a weekend and it worked out perfectly
Jeffrey,"Rating, 5 stars
,
Â·
January 2021
,
Â·
Stayed a few nights",Great host and great little cottage. It is very clean and cozy. And close to town.
Vincent,"Rating, 5 stars
,
Â·
January 2021
,
Â·
Stayed a few nights","Very nice cottage, wonderful super host, made my stay in Borger a little easier."
Carri,"Rating, 5 stars
,
Â·
December 2020
,
Â·
Stayed a few nights",Second stay!! Even better than the first. I canâ€™t recommend it enough
Andrew,"Rating, 5 stars
,
Â·
November 2020
,
Â·
Stayed a few nights",House was clean and very nice. I got to talk with Gerald before heading back to work and hes really nice. I left some jeans after checkout and was able to get them no problem due to Geralds quick responses. Thank you and i plan on staying everytime in on town. As a matter a fact my colleagues are trying to book you for Monday
Clesta,"Rating, 5 stars
,
Â·
October 2020
,
Â·
Stayed a few nights",The most wonderful place to stay in Borger!
Carri,"Rating, 5 stars
,
Â·
September 2020
,
Â·
Stayed a few nights","SOOOO amazing. I LOVED everything from the beautiful decor, to the extras like cooking spices, oil, plastic bags etc. The sweet babies Roxy & Max made being away from home better. The house is gorgeous but the backyard oasis was the BEST!!! If you get the chance to stay, DO IT!!!"
Rebecca,"Rating, 5 stars
,
Â·
September 2020
,
Â·
Stayed a few nights","The home was beautiful, clean, and had many amenities. The yard was absolutely amazing!"
Linda,"Rating, 5 stars
,
Â·
September 2020
,
Â·
Stayed a few nights","Gerald's Airbnb is one of the most beautiful Airbnbs I have stayed at. The home is quaint, clean and beautiful. The garden area is amazing with several areas for entertainment and relaxation. This Airbnb is one of my favorite places to date. Gerald was available at all times if there were any questions that needed answered. Gerald was amazing and very approachable. I would definitely recommend a stay here!"
Rafael,"Rating, 5 stars
,
Â·
May 2020
,
Â·
Stayed a few nights","Older home, but it is kept in top condition. Feels like home! Landscaping is beautiful, backyard entertainment is spot on. Quiet neighborhood far away from the noise but only 5 to 7 minutes from stores and restaurants. Super friendly owners."
Jorge,"Rating, 5 stars
,
Â·
April 2020
,
Â·
Stayed a few nights",Great place too I highly recommend
Donna,"Rating, 5 stars
,
Â·
March 2020
,
Â·
Stayed a few nights","Iâ€™ve been visiting my grandkids that live in this area for 5 years now and have always stayed in a hotel or with them but after staying in this sweet cozy cottage last week for 4 nights I canâ€™t see myself staying anywhere but Gerald and Tishâ€™s place again, they are wonderful host and Good people, my husband and I highly recommend it, you will love it."
Calan,"Rating, 5 stars
,
Â·
October 2019
,
Â·
Stayed about a week",Great people and a great house! Would recommend the the cozy cottage to any person looking to stay in Borger or the surrounding area.
Susan,"Rating, 5 stars
,
Â·
September 2019
,
Â·
Stayed a few nights",The cozy cottage was awesome! Will definitely book it againğŸ˜Š
Charlotte,"Rating, 5 stars
,
Â·
September 2019
,
Â·
Stayed a few nights",Cozy is the perfect word for this cottage! I could stay forever!
Charlotte,"Rating, 5 stars
,
Â·
September 2019
,
Â·
Stayed a few nights","Like a second home to me... clean, comfortable, and classy!"
Charlotte,"Rating, 5 stars
,
Â·
August 2019
,
Â·
Stayed a few nights","I am in the area often and always try to stay here. Tish & Gerald are welcoming and their Cozy Cottage is like home away from home, only better! Everything you could possibly need is provided, including a fully appointed kitchen, a full-sized coffee maker with coffee, water bottles in the â€˜frig, full sized toiletries, and the cutest little house with lovely accessories - nothing is done half way! The beds are large & comfortable - everything you need to truly feel cozy and cared for!"
Chad N,"Rating, 5 stars
,
Â·
July 2019
,
Â·
Stayed a few nights",Extremely nice home. Excellent beds. Absolutely perfect place to stay!!!
Charlotte,"Rating, 5 stars
,
Â·
July 2019
,
Â·
Stayed a few nights","Yes, I was back again...this place is awesome!!!"
Charlotte,"Rating, 5 stars
,
Â·
July 2019
,
Â·
Stayed a few nights","Yes, I stayed here again, and will continue to stay at this lovely cottage. It is so comfortable and friendly - a real home-away-from-home!"
Charlotte,"Rating, 5 stars
,
Â·
June 2019
,
Â·
Stayed about a week","The Best Airbnb Ever! I travel quite a bit and have stayed in lovely hotels and Airbnbâ€™s in the US and elsewhere. This Cozy Cottage is perfect. Although a smaller home, both bedrooms have large comfortable beds and plenty of sitting room, as well as an enormous garden area in the backyard that is pleasant, especially for coffee (supplied!) in the morning or wine as you enjoy the sunset.Gerald was immedia"
Carla,"Rating, 5 stars
,
Â·
June 2019
,
Â·
Stayed with kids","Gerald and Tish are such wonderful hosts. The house is so very clean, with everything you need. The beds are really comfortable and the linens and towels are very nice. Having a washer and dryer to use makes our trip much easier as well! We have stayed with them several times now, and it is always perfect."
Emily,"Rating, 5 stars
,
Â·
May 2019
,
Â·
Stayed a few nights","Absolutely loved it! Amazing, Gerald is the nicest"
Naomi,"Rating, 5 stars
,
Â·
May 2019
,
Â·
Stayed a few nights",Our stay was awesome!
Rick,"Rating, 5 stars
,
Â·
April 2019
,
Â·
Stayed a few nights",Geraldâ€™s place is amazing lake Meredith was a hopping fishing spot. This place is the perfect little getaway.
Craig,"Rating, 5 stars
,
Â·
November 2018
,
Â·
Stayed a few nights",Great communication and attention to every detail.
Jay,"Rating, 5 stars
,
Â·
September 2018
,
Â·
Stayed a few nights",This is a very beautiful house with an amazing backyard! Hosts are quick to respond. Would definitely stay here again.
Michalyn,"Rating, 5 stars
,
Â·
July 2018
,
Â·
Stayed with kids",The Cozy Cottage was all that we could expect and more. Gerald and his wife were more than welcoming. We had a wonderful stay. We couldnâ€™t have asked for it to be any better.
Carla,"Rating, 5 stars
,
Â·
June 2018
,
Â·
Stayed with kids","This is the second time we have stayed at Geraldâ€™s place. The house is so clean, with really comfortable beds and so many nice touches. The outside patio is really great, we enjoyed evenings and mornings out there. The house is stocked with everything you could need, we were so comfortable there. And Gerald is an amazing host, super responsive if you have any questions."
Patty,"Rating, 5 stars
,
Â·
June 2018
,
Â·
Stayed a few nights","Gerald and Tish, Thank you so much for my amazing stay at the Cozy Cottage""!! You have spoiled me and will never stay at a hotel in Borger again. You were both so hospitable and accommodating. The cottage was spotless and beautifully decorated and the yard, an unexpected oasis. I would not hesitate to recommend you to anyone. Thank and blessings, to my wonderful hosts. Patty"
JoEllen,"Rating, 5 stars
,
Â·
October 2017
,
Â·
Stayed a few nights",Loved the cottage and patio. The perfect getaway!
Carla,"Rating, 5 stars
,
Â·
June 2017
,
Â·
Stayed a few nights",The house is beautifully decorated and had everything we needed. The beds were very comfortable and the kitchen and bathroom were fully stocked with very nice dishes and linens. The full size washer and dryer were great to have. Gerald thought of everything and was so accommodating. The backyard patio area is amazing. It was a real treat to have such a nice place to stay in this area. The house is central to several small towns in the area and only 45 minutes from Amarillo.
Mags,"Rating, 5 stars
,
Â·
May 2017
,
Â·
Stayed a few nights",Gerald and Tish's cozy cottage is set in a tranquil residential area. The cottage has all the amenities that one could wish for. Beautifully decorated with a delightful backyard. Awesome king bed! Communication was a breeze. Don't miss out on this gem when searching for accommodation in the area!
Debi,"Rating, 5 stars
,
Â·
April 2017
,
Â·
Stayed a few nights","This is a very beautiful, comfortable cottage. We are a family of four (2 adults and two teens) , and the cottage was just the right size for us. We came to the area to visit our daughter and grandchildren. The cottage would make a great home base for site seeing or a nice place to relax. Gerald, the host, responded quickly to any questions or needs we had. The decorations are beautiful and the beds are very comfortable. We highly recommend Gerald's cottage."
FrÃ©dÃ©ric,"Rating, 5 stars
,
Â·
February 2017
,
Â·
Stayed over a week","Very good stay, very pleasant house and well equipped. Gerald, very friendly and helpful."
Scott & April,"Rating, 5 stars
,
Â·
July 2016
,
Â·
Stayed a few nights",It was truly a blessing to have stayed in this beautiful cottage! It is very comfortable and beautifully decorated. The landscaping and patio area was very tranquil and peaceful. Gerald and Tish were such a blessing to us. We highly recommend staying here!
Vivian,"Rating, 5 stars
,
Â·
June 2016
,
Â·
Stayed a few nights",We had a wonderful time staying at this property. The outdoor space was wonderful. It was even better than the pictures suggested. We enjoyed the indoor space and would highly recommend the space.
Julio,"Rating, 5 stars
,
Â·
3 weeks ago
,
Â·
Stayed about a week",Definitely five stars for Mrs. Peggy and five more for the accommodation! Quiet and very comfortable place! Mrs. Peggyâ€™s attention is exceptional.
Kimberly,"Rating, 5 stars
,
Â·
April 2024
,
Â·
Stayed with a pet",This is my second time staying here with my pups. The house is always very clean & I love that the yard is completely fences so my dogs can roam a bit.
Brian,"Rating, 5 stars
,
Â·
November 2023
,
Â·
Stayed about a week","Peggyâ€™s place accommodated perfectly. Was a nice peaceful stay, very quiet block. Would definitely book again the next time I am back in Borger."
Isaac,"Rating, 5 stars
,
Â·
October 2023
,
Â·
Group trip",Had a great stay! House was really clean ! Definitely recommend this house to anyone staying in Borger
Jasonandjamie,"Rating, 5 stars
,
Â·
May 2023
,
Â·
Stayed with a pet",I absolutely loved our stay felt right at home.
Jesse,"Rating, 5 stars
,
Â·
April 2023
,
Â·
Stayed over a week",Great stay wish we couldâ€™ve stayed longer.
Humberto,"Rating, 5 stars
,
Â·
February 2023
,
Â·
Group trip",Exactly what we were looking for. Nice house in a nice area. Would recommend.
Shane,"Rating, 5 stars
,
Â·
1 week ago
,
Â·
Stayed about a week",Therlow was an amazing host. Highly recommend.
Jacob,"Rating, 5 stars
,
Â·
1 day ago
,
Â·
Stayed about a week",Perfect! Everything was as described!
Brad,"Rating, 5 stars
,
Â·
1 week ago
,
Â·
Stayed a few nights","Thanks for the hospitality! Great place to stay, only 3 min from my jobsite!"
Manuel,"Rating, 5 stars
,
Â·
2 weeks ago
,
Â·
Stayed a few nights",Nice clean place! Perfect for what we needed!
Nathan,"Rating, 5 stars
,
Â·
May 2024
,
Â·
Stayed a few nights",Cute little house in a quit neighborhood.
Delyth,"Rating, 5 stars
,
Â·
May 2024
,
Â·
Stayed about a week","Angieâ€™s place was great.
The house had everything you needed, including all the essential kitchen stuff if you are staying for a while and donâ€™t want to eat out all the time.
The neighborhood was safe, I had some lovely chats with the neighbours and felt very comfortable out running on my own.
Definitely recommend this spot if you are in town and need somewhere to stay"
Nathan,"Rating, 5 stars
,
Â·
April 2024
,
Â·
Stayed one night",Great little house.
Michael,"Rating, 5 stars
,
Â·
April 2024
,
Â·
Stayed over a week",It was just as described we didnâ€™t have any issues
Linnea,"Rating, 5 stars
,
Â·
April 2024
,
Â·
Stayed with a pet",Great cozy place!
Wyatt,"Rating, 5 stars
,
Â·
April 2024
,
Â·
Stayed one night",Very hospitable.
Tina,"Rating, 5 stars
,
Â·
December 2023
,
Â·
Stayed a few nights",Great place to stayâ£ï¸
Gilbert,"Rating, 5 stars
,
Â·
December 2023
,
Â·
Stayed over a week",The place was perfect and close to where I was working. Had all the amenities I needed to accommodate me.
Nicole,"Rating, 5 stars
,
Â·
December 2023
,
Â·
Stayed about a week","Cute house, very quiet neighborhood and close to job site!!!"
Charlotte,"Rating, 5 stars
,
Â·
September 2022
,
Â·
Stayed a few nights","The house has been nicely updated. The beds were comfortable, and everything I needed was available. Thank you!"
Giuseppe,"Rating, 5 stars
,
Â·
May 2022
,
Â·
Stayed one night",Fantastic place! Clean and Comfortable!
Barbara,"Rating, 4 stars
,
Â·
May 2022
,
Â·
Stayed a few nights","Cute home with comfortable beds, pet friendly and excellent AC for trip thru Texas good proximity to shopping and Lake Meredith for fishing"
Ray,"Rating, 5 stars
,
Â·
May 2022
,
Â·
Stayed one night",Perfect stay !
Carrie,"Rating, 5 stars
,
Â·
April 2022
,
Â·
Stayed a few nights",The house was just as described and had everything we needed for a visit with my daughter who attends Frank Phillips College. The beds were comfortable and the neighborhood was quiet. The house is a cute cottage and very affordable. It was so nice to have a whole house to spend time with family for an Easter weekend visit!
Mason,"Rating, 5 stars
,
Â·
April 2022
,
Â·
Stayed a few nights",Clean and easy to get into
Jacob,"Rating, 5 stars
,
Â·
April 2022
,
Â·
Group trip",Awesome and easy to work with
Christopher,"Rating, 5 stars
,
Â·
March 2022
,
Â·
Stayed with kids",Great location. Perfect again for our family. Will stay here again for sure!
Carl,"Rating, 5 stars
,
Â·
March 2022
,
Â·
Stayed a few nights","Private, very clean, comfortable, and worth the price: all descriptions of this cute little house. Very easy check in and close to town and the local eateries. A+ all the way!!!"
Christopher,"Rating, 5 stars
,
Â·
March 2022
,
Â·
Stayed with kids",Great location. Perfect for our family. Convenient location. I will stay here again! Thank you!!
Jacob,"Rating, 5 stars
,
Â·
March 2022
,
Â·
Group trip",Great stay! Very friendly and worked with us dispute unforeseen circumstances! A great cozy place for any and all weary travelers! Check this out if you are ever in the area!
Michelle,"Rating, 5 stars
,
Â·
March 2022
,
Â·
Stayed a few nights",Great place to stay
Oliverio,"Rating, 5 stars
,
Â·
Today
,
Â·
Stayed one night",Cute and cozy and very welcoming
Brad,"Rating, 5 stars
,
Â·
3 days ago
,
Â·
Stayed a few nights",Great place for work trip! Thanks again Michelle for the hospitality.
Chris,"Rating, 5 stars
,
Â·
1 week ago
,
Â·
Stayed with kids",Michelleâ€™s place was a perfect for our family. The house was clean and well kept. We really enjoyed our stay.
Kathy,"Rating, 5 stars
,
Â·
2 weeks ago
,
Â·
Stayed one night","We were here for grandsonâ€™s graduation. Very comfortable, everything was just as described on the site. Very responsive host. Would definitely stay here again."
Givante,"Rating, 4 stars
,
Â·
3 weeks ago
,
Â·
Stayed over a week","I enjoyed my stay at Big Davis, the only issue I had, the internet would constantly drop out."
Jose,"Rating, 5 stars
,
Â·
April 2024
,
Â·
Stayed a few nights",nice place !!! Recommend
Joy,"Rating, 5 stars
,
Â·
April 2024
,
Â·
Stayed with kids",My family of 5 stayed a night in route from CO to TX. We have stayed at many Airbnbs and have hosted many years as well. We loved the decor and vibe of this house. The neighbors where quiet and the place felt really safe. My 10 year old son told me it was his favorite place and asked if we would please stay there again. It was a perfect fit for our family. I would highly recommend. The soaking tub was my favorite. Will will definitely be back!
TriSMART,"Rating, 5 stars
,
Â·
April 2024
,
Â·
Stayed a few nights",Great home and host!
Sheridan,"Rating, 5 stars
,
Â·
March 2024
,
Â·
Stayed a few nights","very homey, very clean, we enjoyed our stay. would definitely come back."
Zachary,"Rating, 5 stars
,
Â·
March 2024
,
Â·
Stayed with kids",it was a great stay but not having a microwave in the house was a huge negative
Merle,"Rating, 5 stars
,
Â·
March 2024
,
Â·
Stayed one night",We needed a place for one night when traveling through the area. This was a clean and quiet place to stay. Michelle did a great job in communicating.
Ian,"Rating, 5 stars
,
Â·
March 2024
,
Â·
Stayed one night","Very nice house, very homey and comfortable with lots of space. Thank you very much!"
Pantera,"Rating, 5 stars
,
Â·
March 2024
,
Â·
Stayed one night","Michelleâ€™s place is a true gem. We happen to be driving through the area and needed a decent place to lay our heads, we received so much more than that. I wish we were staying in the area longer, simply so we could have stayed a while longer. Michelleâ€™s place so comfortable and homey. You can tell theyâ€™ve put a lot of love into this sweet property. Someday, I hope to stay again."
Shirley,"Rating, 5 stars
,
Â·
March 2024
,
Â·
Stayed with kids",We had a great stay. I needed a place to â€œcall homeâ€ for a few days to host my grandchildren. There was plenty of room to spread out and enjoy each other. There were games there which the kids and I enjoyed playing. Everything was clean and fresh and very well decorated with a blend of decor that had a warm cozy homelike vibe. We loved our stay at Big Davis.
Darren,"Rating, 5 stars
,
Â·
5 days ago
,
Â·
Stayed with a pet","This place worked out perfect. I wanted remote and secluded and this was perfect. Everything was comfortable and easy to figure out, especially if you've stayed at an RV before. Not much to do in town, but a beautiful area and close to the lake."
Randall,"Rating, 5 stars
,
Â·
1 week ago
,
Â·
Stayed a few nights","Great host, will stay again for sure!!"
Susan,"Rating, 5 stars
,
Â·
1 week ago
,
Â·
Stayed with a pet","Safe and secluded place that was great for our dogsâ€¦plenty of room to play. Brant and Stephanie were very nice and met us upon arrival. We ended up an hour early, but they graciously let us check in early. I had to text Brant and he got back to me when minutes with the answer. Camper was really nice and clean. A/C is greatâ€¦which was nice after a day on Lake Meredith, which is like two minutes away. Electric for charging boat was a plus. Fishing was phenomenal at Lake Meredith too! We will definitely be back next year!!"
Crystal,"Rating, 5 stars
,
Â·
2 weeks ago
,
Â·
Stayed a few nights","The place was exactly as described, worked perfectly for our weekend getaway. Brant was extremely responsive, we would definitely stay again."
Stephanie,"Rating, 5 stars
,
Â·
May 2024
,
Â·
Stayed about a week","Brant was a great host! He took great care of us while we were there. The accommodations were great and so was the location. We stayed several weeks and we would not hesitate to stay next time we are out there! As long as he has an opening, we WILL stay with him next time we are out here for work!"
Brian,"Rating, 5 stars
,
Â·
March 2024
,
Â·
Stayed with kids",Very close to the lake! We had a great time. The recent fires and burn ban did have a few things in the area shut down but we still had a great time. thanks!
Marcus Vyshus,"Rating, 5 stars
,
Â·
April 2024
,
Â·
Stayed about a week",great host and very responsive....worked with us week to week. nice gentleman and nice quiet neighborhood
Chelsea,"Rating, 5 stars
,
Â·
1 week ago
,
Â·
Stayed a few nights","The lofts are so cool. This was plenty of space for our group of 4, and enjoyed sitting on the patio watching the stars at night. Had supplies for cooking, and conditioner in the shower. We would stay again!"
Deena,"Rating, 5 stars
,
Â·
2 weeks ago
,
Â·
Stayed a few nights","Thank you for the great place to stay. My elderly parents and I loved the location and privacy. Linens were clean. Instructions were clear. Host was polite and accommodating. We did not use the upstairs loft beds, but I did climb up to take a look. If you have a family and don't mind climbing a ladder, this would be great. We came for graduation at SFISD. Perfect for what we needed and close to our family."
Amy,"Rating, 5 stars
,
Â·
3 weeks ago
,
Â·
Stayed one night",I love the simplicity of the cabin. Everything was very clean. A nice place to get away if you want peace and quiet.
Kenneth,"Rating, 5 stars
,
Â·
4 weeks ago
,
Â·
Stayed a few nights","Nice place to stay, would recommend it to family/friends"
Tucker,"Rating, 4 stars
,
Â·
May 2024
,
Â·
Group trip",The place was clean and looked just like the photos. they are pretty small and I would recommend bringing a camp table to use outside.
Christie,"Rating, 5 stars
,
Â·
April 2024
,
Â·
Group trip","Jerodâ€™s little cabin was just what we needed for our weekend. Luckily I was with my two teenage boys, so they had no problem climbing up to the lofts! The whole place is clean and newly remodeled; ever felt fresh and new. Kitchen and bathroom had what we needed and beds were comfy with cool, smooth linens. The cabin is right off the highway (20 paces!), but traffic wasnâ€™t too bad and only occasionally did we hear a loud vehicle drive by. Front porch was nice to sit on in the sunshine, but the view is an empty field - I though weâ€™d be closer to the lake. My bad for not studying the map better. Overall we were comfy and enjoyed our stay! Lake Meredith is beautiful - a hidden gem!!"
Curt,"Rating, 5 stars
,
Â·
April 2024
,
Â·
Stayed a few nights","We stayed for 3 nights while fishing at Lake Meredith. Perfect location for us. Place was very clean, and had plenty of parking for our boat. We will be back for sure!"
Paula,"Rating, 5 stars
,
Â·
March 2024
,
Â·
Stayed with kids","Definitely worth the stay. Felt right at home. This was my first time doing the airBnb and I would highly recommend it. It was a pleasure to stay here, Jerod and Corina are excellent host. Definitely will be returning, and I love that they offer extended stays."
Thomas,"Rating, 5 stars
,
Â·
March 2024
,
Â·
Stayed one night",Gr
Brenda,"Rating, 5 stars
,
Â·
March 2024
,
Â·
Stayed a few nights",Loved the place and Jerod was fantastic.
Matthew,"Rating, 5 stars
,
Â·
March 2024
,
Â·
Stayed with a pet",Would definitely stay again! Friendly and helpful host
Corina,"Rating, 5 stars
,
Â·
February 2024
,
Â·
Stayed one night",Cabin 54 accommodations were perfect.
Bryce,"Rating, 5 stars
,
Â·
February 2024
,
Â·
Stayed a few nights",great place to stay
David,"Rating, 5 stars
,
Â·
February 2024
,
Â·
Stayed a few nights","Cool little place. As tiny as it looked from the outside, it was more spacious than we expected. Perfect for my work associate and I. Beds were comfy. Location was remote which I prefer quite a bit. We saw a few great sunsets during our stay. I would recommend this place to any and all."
Jared,"Rating, 5 stars
,
Â·
February 2024
,
Â·
Stayed about a week","Stayed in cabin 54. It is comfortable and fit all three of us well. I recommend it if youâ€™re in town.
Just wish the fish were biting at the marina rn."
Truett,"Rating, 5 stars
,
Â·
January 2024
,
Â·
Stayed a few nights","Cabin was spotless and bright. Heater kept us plenty warm. They definitely didnâ€™t cheap out on the beds, super comfortable firm memory foam. They had snacks in the fridge for our arrival.
The parking was a little muddy, not an issue, just something to keep in mind if itâ€™s raining. They had a mop and broom next to the fridge to help keep things clean though. Hot water didnâ€™t last too long, but held just long enough for 3 guys to shower back to back.
Close to Fritch and Borger, also a 5-10 minute drive to the boat ramps. Definitely a worthy place to get out of the cold and rain after being out on the water all day."
James,"Rating, 5 stars
,
Â·
January 2024
,
Â·
Stayed with a pet",It was perfect for us. Warm and cozy. Quiet and peaceful. Jerod was great
Ed,"Rating, 5 stars
,
Â·
December 2023
,
Â·
Stayed with a pet",Jared was an awesome host! His place was very welcoming and immaculate. Make sure to read his directions on the Air B&B site. iPhone maps may lead you astray.
Daisy,"Rating, 5 stars
,
Â·
December 2023
,
Â·
Stayed a few nights",The cabin was beautiful and very nice and peaceful.
Amanda,"Rating, 5 stars
,
Â·
December 2023
,
Â·
Stayed a few nights","Would definitely stay again! Great price, very clean!"
Randy,"Rating, 5 stars
,
Â·
November 2023
,
Â·
Stayed a few nights",Wonderful place to stay. Host is very accommodating.
Jackie,"Rating, 5 stars
,
Â·
November 2023
,
Â·
Stayed with a pet",We would definitely stay here again! The cabin and location was perfect and had plenty of space for boat parking! The cabin was clean and nice! The hosts responded very quickly and were very helpful!
Lana,"Rating, 5 stars
,
Â·
November 2023
,
Â·
Stayed with kids","Convenient, clean, well located place that is fairly priced and quiet."
Frances,"Rating, 4 stars
,
Â·
September 2023
,
Â·
Group trip","We enjoyed our stay. Overall, it was awesome. Dog friendly place to stay."
Karen,"Rating, 5 stars
,
Â·
August 2023
,
Â·
Stayed with a pet",A great stay! & well prepared. Very understanding host
Jennifer,"Rating, 5 stars
,
Â·
August 2023
,
Â·
Stayed with a pet","Great place, and location. Responds tentatively. Cabin was perfect for our little weekend get away! Simple, nice and cozy."
Marlinda,"Rating, 4 stars
,
Â·
August 2023
,
Â·
Stayed a few nights",Very creative with his home decor. Very peaceful and quiet. Jerod very kind person and responds quickly.
Glenda,"Rating, 5 stars
,
Â·
August 2023
,
Â·
Stayed a few nights",Very nice cabin! Had a pleasant time. Clean and very cute. Would definitely come back!
Carlos,"Rating, 5 stars
,
Â·
July 2023
,
Â·
Stayed a few nights","Clean airbnb, plenty of towels to shower."
Michael,"Rating, 5 stars
,
Â·
July 2023
,
Â·
Stayed with kids","New, clean cabin near lake."
Elaine,"Rating, 5 stars
,
Â·
July 2023
,
Â·
Stayed one night",Beautiful sparkling clean apartment. Comfortable. Good AC. Host gracious and responsive.
Juan,"Rating, 5 stars
,
Â·
July 2023
,
Â·
Stayed about a week",Just a great place
Chance,"Rating, 5 stars
,
Â·
July 2023
,
Â·
Group trip","Great location, really comfortable bed, and the a/c works great! Will definitely be back again."
Stefan,"Rating, 5 stars
,
Â·
July 2023
,
Â·
Stayed a few nights","I was fortunate to stay here for the 4th of July weekend with a three other friends of mine. We found finding the home very easy and Jerod had great recommendations for the local area. He was very quick to respond to any questions we had and super friendly. The home itself is wonderful. If you have a small group, this is easily the place to be. You could definitely do a larger group as well. The place was spotless and the AC cranked for those hot Texas summers. We found the furnishings comfortable and it was a great spot for us to relax and unwind at the end of the day. We interacted with both groups of neighbors while there and had a fantastic time. If you want to visit Amarillo, hike in Palo Duro, or enjoy a lake day; this is the place to be. Get out of the city and check this home out, you won't regret it. The only question you'll be asking after your stay is how much would it cost to build this place yourself."
Lauren,"Rating, 5 stars
,
Â·
July 2023
,
Â·
Stayed a few nights","Jerod was very quick in replying to me. His cabin was very clean, very nice, and looked just like the pictures. He provided towels, shampoo & conditioner, a bbq pit & chairs, etc. Highly recommend this cabin!"
Lori,"Rating, 5 stars
,
Â·
1 week ago
,
Â·
Stayed a few nights",The Hedgecoke house was perfect for our long weekend. The house is easy to locate and check in was very easy. We appreciated the walk in shower and back bedroom that gave added privacy. The house had everything we would need to feel right at home. The hosts kept in contact to be sure we had everything we needed.
Eric,"Rating, 5 stars
,
Â·
2 weeks ago
,
Â·
Stayed a few nights",This home is one of the hidden gems of Borger! This home was one of the nicest places I've ever stayed in while traveling to Borger. Bob is such a great communicator and very helpful. Will book this home again in the future.
Slade,"Rating, 5 stars
,
Â·
3 weeks ago
,
Â·
Stayed over a week",Was an amazing place great host love the renovated kitchen not far from everything at all
Robert,"Rating, 5 stars
,
Â·
March 2024
,
Â·
Group trip",Nice home
Megan,"Rating, 5 stars
,
Â·
February 2024
,
Â·
Stayed with kids",Sam was very responsive. We cooked a lot of great meals in the well stocked kitchen. Looking forward to staying again when work brings us back to town!
Karla,"Rating, 5 stars
,
Â·
October 2023
,
Â·
Stayed a few nights","Sam's listing was great! Everyone felt right at home. It's so clean, cozy, spacious, and had everything we needed. Sam and his wife were so friendly. Definitely recommend"
David,"Rating, 5 stars
,
Â·
September 2023
,
Â·
Stayed a few nights",Very clean and comfortable. Plenty of space. Host left snacks. Had everything we needed and more. Very convenient location. Very good restaurants and coffee shop nearby. We enjoyed our stay!
Lonnie,"Rating, 5 stars
,
Â·
July 2023
,
Â·
Stayed a few nights","We were in town to work at the nitrogen plant down the road. The neighborhood was quiet even during the day for night shift workers. Job was cut short by one day and we were refunded half of the daily stay rate which is a great benefit when you do turnaround work.
Thanks again!!"
Anthony,"Rating, 5 stars
,
Â·
June 2023
,
Â·
Group trip","Great place to stay if youâ€™re going to be working at Phillips 66. Less than 10 minutes away from the job! Clean home, very spacious, had everything you needed to cook with. Also had cleaning supplies. Gym, job, restaurants, and grocery stores are all within 5-10 minutes.
Thank you, Sam!"
Eric,"Rating, 5 stars
,
Â·
April 2023
,
Â·
Stayed about a week",Nice stay.
Jose,"Rating, 5 stars
,
Â·
March 2023
,
Â·
Stayed a few nights",This place is great we stay there for a few nights. It's really cozy everything's around all the stores everything you need. You can just take off walking to get to any store Very convenient
Jesse,"Rating, 5 stars
,
Â·
March 2023
,
Â·
Stayed over a week",Second time stayed and was as great as the first. Great stay overall.
Debby,"Rating, 5 stars
,
Â·
February 2023
,
Â·
Stayed a few nights",Neat little house in Borger. Clean and quiet with no outside distractions.
Arnoldo,"Rating, 5 stars
,
Â·
February 2023
,
Â·
Group trip","Very clean, the place was better than what you see in the photos
Very nice, very quiet."
Matthew,"Rating, 5 stars
,
Â·
January 2023
,
Â·
Stayed over a week",Great place to stay
Kay,"Rating, 4 stars
,
Â·
September 2022
,
Â·
Stayed a few nights",Easy location to get to. Roomy. Communication was good. Plenty of room. No outside furniture if you want to sit outside. Clean home.
Stephanie,"Rating, 5 stars
,
Â·
August 2022
,
Â·
Stayed about a week","She was so attentive, very nice and house was clean and had everything we needed."
Peter,"Rating, 5 stars
,
Â·
May 2022
,
Â·
Stayed a few nights","We loved our stay at the Quaint Cottage in Borger, TX! We came for the HS Graduation and everything was so wonderful. Great location central to everything we needed. Communication was excellent and Check-in/out was super easy. Would definitely stay here again. Thanks!"
Mary,"Rating, 5 stars
,
Â·
February 2022
,
Â·
Stayed over a week","This house is spacious, with great natural light, and has all the room a family needs to feel at home. Several cars will fit in the driveway so you donâ€™t have to park in the street. The WiFi works very well on the two tvs. The open kitchen is well-equipped for cooking. Having two bathrooms is very convenient. The washer and dryer in the sunny laundry room work great. The fenced backyard is perfect for kids or pets. The polite host is local, responds promptly and makes you feel at home. Lake Meredith is less than 20 minutes west of here and the water is GORGEOUS! Make the drive if youâ€™re here! Youâ€™ll be glad you did!"
Mary,"Rating, 5 stars
,
Â·
December 2021
,
Â·
Stayed over a week","This house is very spacious, extremely clean and has central heat and air. Itâ€™s very comfortable, with good beds and everything you need for a long stay. The sunny laundry room has an efficient washer and dryer. The fenced backyard is great for kids. Amarillo is less than an hour to the South. Lake Meredith is about 20 minutes West, so itâ€™s a great location in the Texas panhandle. The hosts are friendly and respond promptly to any questions. We highly recommend staying here."
Becky,"Rating, 5 stars
,
Â·
November 2021
,
Â·
Stayed a few nights",This a great house. We have stayed before and will definitely stay again!
Daniela,"Rating, 4 stars
,
Â·
September 2021
,
Â·
Stayed with kids",The home was clean and check in/out was easy
Jared,"Rating, 5 stars
,
Â·
July 2021
,
Â·
Stayed a few nights","Best one in Borger. if it's available get it, before my crew does."
Jill,"Rating, 5 stars
,
Â·
July 2021
,
Â·
Stayed with kids","Thoughtful, extremely clean and comfortable. Our stay could not have been more convenient and enjoyable. Any amenity we needed was available, it felt like walking in to our own home. Definitely the go to place if you're visiting Borger or any surrounding area. We will be back!"
Nancy,"Rating, 5 stars
,
Â·
July 2021
,
Â·
Group trip",The house was very clean and cozy. And deceptively large! Thanks Sam for being a great host!
Rebecca,"Rating, 5 stars
,
Â·
June 2021
,
Â·
Stayed with kids","The house was prefect for us. It had everything we needed and bigger than we expected. 3 bedrooms and 2 baths accommodated all of us perfectly! We went to the lake everyday, which is only 20 minutes away, so having a washer and dryer was amazing! Definitely will be coming back!"
Cathy,"Rating, 5 stars
,
Â·
May 2021
,
Â·
Stayed with kids","This place is super cute! Great for families! There are two bathrooms, plenty of places to sleep, and it's really close to the lake.
We had two small children and the weather didn't cooperate for swimming, but there was still no shortage of fun stuff to get up to. The hosts were responsive to all our needs (we didn't have many) and the whole house was spotless. The beds are comfortable and even I got a good night's sleep which says A LOT. I've already convinced some different friends to go back with me!"
Becky,"Rating, 5 stars
,
Â·
May 2021
,
Â·
Stayed a few nights",The house is wonderful. It is cleansed roomy. Perfect for a family!
Jared,"Rating, 5 stars
,
Â·
May 2021
,
Â·
Stayed a few nights",Best BnB in Borger. If it's available get it quick.
Tafni,"Rating, 5 stars
,
Â·
May 2021
,
Â·
Stayed a few nights",This is a great place! Centrally located. Stay here! You won't regret it!
Joey,"Rating, 4 stars
,
Â·
April 2021
,
Â·
Stayed a few nights",The house was spotless and had everything necessary to make a enjoyable stay. Would recommend over any of the local hotels.
Nicole,"Rating, 5 stars
,
Â·
April 2021
,
Â·
Group trip",This is the cutest house. It smells good and was super clean. Very comfy and has everything you need.
Jeff,"Rating, 5 stars
,
Â·
April 2021
,
Â·
Group trip","Samâ€™s place was perfect for my family. When the whole family comes to visit we usually get hotel rooms as we cannot all fit in my parents home. The place looks totally renovated on the inside. Itâ€™s bigger, better and cheaper than getting hotel rooms."
Pat,"Rating, 5 stars
,
Â·
March 2021
,
Â·
Stayed a few nights","The neighborhood is hit or miss, weeds for ground cover, no landscaping. Indoors Plenty of room to spread out and have guest over. Lighting minimal.Bring your own shampoo, conditioner and body wash. Spoke to Sam about a few items needing attention for the next guest t be comfortable. Washer and dryer always a perk. No outside seating."
Steven,"Rating, 5 stars
,
Â·
January 2021
,
Â·
Stayed a few nights",Amazing house!
Steven,"Rating, 5 stars
,
Â·
December 2020
,
Â·
Stayed a few nights",Amazing house! Excellent location and amazing hosts! Highly recommend!
Becky,"Rating, 5 stars
,
Â·
October 2020
,
Â·
Stayed a few nights","This house is nicely updated, very clean and inviting. Will definitely use again!"
Terri,"Rating, 5 stars
,
Â·
August 2020
,
Â·
Stayed with kids","Wonderful accommodations for families. Super clean and lots of personal touches. Very convient to shopping, restaurants and Lake Meredith. Check in was super easy and Sam was a great host. Thank You."
Sena,"Rating, 5 stars
,
Â·
August 2020
,
Â·
Stayed a few nights","Great house. Plenty of room, and very clean."
Damon,"Rating, 5 stars
,
Â·
July 2020
,
Â·
Group trip","Cool place. Very clean and well kept interior. Quiet neighbor hood, close to town and not far from the lake. Great experience."
Michael,"Rating, 5 stars
,
Â·
July 2020
,
Â·
Stayed over a week","This place is definitely worth staying at whether you are in town for business or leisure. It was nice to feel comfortable and at home while I was working in Borger for 3 weeks.
Sam is an incredible host that makes sure his guests have everything they need."
Mark,"Rating, 5 stars
,
Â·
June 2020
,
Â·
Stayed one night",Very clean and spacious place.
Alyssa,"Rating, 5 stars
,
Â·
June 2020
,
Â·
Stayed a few nights","Super clean, family friendly place to stay. Weâ€™ve stayed here twice now and itâ€™s been great each time!"
Andy,"Rating, 5 stars
,
Â·
April 2020
,
Â·
Stayed a few nights",Real nice place to stay close to everything
Ricardo,"Rating, 5 stars
,
Â·
March 2020
,
Â·
Stayed one night",Fantastic place and exceptional value. Would book here again.
Alyssa,"Rating, 5 stars
,
Â·
February 2020
,
Â·
Stayed with kids",Will definitely return for future needs! Everything was great!
Shane,"Rating, 4 stars
,
Â·
January 2020
,
Â·
Stayed a few nights","Very nice house, Sam was very helpful with any questions I had. I would stay here again in the future. Very convenient location."
James,"Rating, 5 stars
,
Â·
December 2019
,
Â·
Stayed with kids",Our stay with Sam was excellent. The location was perfect for us and what we needed. Everything was clean and worked perfectly. Sam answered all our questions and was easy to contact. I would recommend Sam's place to anyone.
Shonna,"Rating, 5 stars
,
Â·
December 2019
,
Â·
Stayed a few nights",Sam was so helpful! The house was sparkling clean. Definitely recommend
Adrian,"Rating, 5 stars
,
Â·
December 2019
,
Â·
Stayed a few nights","Really great place, we loved it there, very spacious and perfect for a family"
Tracie,"Rating, 5 stars
,
Â·
November 2019
,
Â·
Stayed one night",This place is super clean! Really appreciate how kind and easy they were to work with. Thank you!
Jesse,"Rating, 5 stars
,
Â·
1 day ago
,
Â·
Stayed a few nights","I tent to do a lot of research before I book an place and brand's didn't disappoint! friendly, outgoing hosts. brant was alway ready to help make us as at home as he would family and his beautiful wife was always there to help out and treated my girls is if they were hers. you will not find a better place anyway near them trust me. We went for a couple of day but truthful you could spend a week here and enjoy yourself. We will be back as soon as we can!"
Jared,"Rating, 5 stars
,
Â·
3 days ago
,
Â·
Stayed a few nights","If you see Brantâ€™s place up for grabs, snag it. Very kind people. Very peaceful spot. Lake is less than 5 minutes down the road.
Iâ€™ve stayed with them multiple times and have never had single complaint, or difficulty getting in contact with them.
Best spot to stay in Fritch if you have an RV or need to rent one of theirs."
Ussarian,"Rating, 5 stars
,
Â·
1 week ago
,
Â·
Stayed with kids",This was a great place to stay. Brant was extremely helpful and friendly. This was a very family friendly environment and we will definitely try booking again when we're in the area.
Luis,"Rating, 5 stars
,
Â·
May 2024
,
Â·
Stayed with kids",Great place nice and peaceful
Michael,"Rating, 5 stars
,
Â·
April 2024
,
Â·
Stayed a few nights","Brant and Stephanie are fantastic hosts, the weekend was very fulfilling for me. They are top notch when it comes to their guests. I consider them friends and will certainly stay with them in the future. Looking for a quiet place to just relax? This is the place!
Looking for a place that's really close to the lake for water activities? This is the place!
The recreation room/bar is superb, pool, darts, foosball, music videos, etc. BYOB and have a great experience with great people."
Brian,"Rating, 5 stars
,
Â·
March 2024
,
Â·
Stayed with kids",We rented both of the campers for the weekend. It was a bit colder than we expected but we had a good time. The fires in the area had a few things shut down but we still had a great time.
Bryce,"Rating, 5 stars
,
Â·
November 2023
,
Â·
Stayed a few nights",Great place!!
Dale,"Rating, 5 stars
,
Â·
October 2023
,
Â·
Stayed one night",Brant thank you for providing a clean and safe place
Enrique,"Rating, 5 stars
,
Â·
October 2023
,
Â·
Stayed a few nights",Great communication during our stay. I would stay here again no doubt.
Alexis,"Rating, 5 stars
,
Â·
October 2023
,
Â·
Stayed a few nights","It was absolutely beautiful and perfect for what I needed. Brant even had coffee and a coffee machine with to-go cups so I can grab some on my way to work! Super cozy and has a heater on those chilly nights. It does get hot, but I much rather be hot than cold. Brant was an impeccable host and responds very quickly to messages. Will be staying here the next time Iâ€™m in town!"
Jennifer,"Rating, 5 stars
,
Â·
May 2024
,
Â·
Stayed with kids",Great place to stay for my graduation in Borger!
LeAnn,"Rating, 5 stars
,
Â·
December 2023
,
Â·
Stayed a few nights",Friendly stay! Master bed was comfy! Helpful when we left something behind.
Rich,"Rating, 5 stars
,
Â·
December 2023
,
Â·
Stayed about a week",Good place. To stay
Jesse,"Rating, 5 stars
,
Â·
November 2023
,
Â·
Stayed a few nights",We had wonderful time very nice home. Easy to get to also very clean and spacious. Mary was so helpful and also great at getting back with a response when needed. Weâ€™ll be coming back to this location.
Dustin,"Rating, 5 stars
,
Â·
September 2023
,
Â·
Group trip",Nice house and check in was easy
Casey,"Rating, 5 stars
,
Â·
July 2023
,
Â·
Stayed with kids",Mary's place was perfect for what we needed. The house had a good selection of kitchen utensils. The backyard is huge with lots of places to hang out.
Rachelle,"Rating, 5 stars
,
Â·
April 2024
,
Â·
Stayed a few nights",Charming little house in west texas
Eric,"Rating, 5 stars
,
Â·
April 2024
,
Â·
Stayed a few nights","Very clean home, beyond expectations!
Host was very responsive and very helpful!"
Frank,"Rating, 5 stars
,
Â·
April 2024
,
Â·
Stayed about a week",House was clean with everything you would need. The neighborhood was quiet not much traffic lots of street lighting. Never felt unsafe with lots of convenience close by. Would definitely stay there again.
Michelle,"Rating, 5 stars
,
Â·
March 2024
,
Â·
Stayed one night",ğŸ¤—
Christopher,"Rating, 5 stars
,
Â·
February 2024
,
Â·
Stayed over a week",Had everything we needed during our stay for work. Would definitely stay again.
Janet,"Rating, 5 stars
,
Â·
December 2023
,
Â·
Stayed over a week",I appreciated Jeremyâ€™s flexibility and he was understanding of the unpredictability of my job. Jeremy was so accomidating of my service dog. His home felt cozy and had all the necessities.
Nicole,"Rating, 5 stars
,
Â·
November 2023
,
Â·
Stayed about a week","Lovely house, has everything you need to be comfortable. Very responsive, had an issue with the washer on the first day and someone was there and had it fixed within an hour."
Kimberly,"Rating, 5 stars
,
Â·
September 2023
,
Â·
Stayed with kids",We were in town visiting family for the weekend. It was nice to have our own space to go to at night. The bedrooms were big and the kitchen was stocked. Jeremy was a great host and gave clear instructions about check out and house rules.
Jacob,"Rating, 5 stars
,
Â·
2 days ago
,
Â·
Stayed about a week",Perfect! Everything was as described!
Gerardo,"Rating, 5 stars
,
Â·
2 weeks ago
,
Â·
Stayed a few nights","I appreciate you for working with us, thank you for working with us!!"
Gerardo,"Rating, 5 stars
,
Â·
3 weeks ago
,
Â·
Stayed about a week","Wonderful place, very flexible with us and very responsive and respectful, this place makes me feel right at home!!"
Maria,"Rating, 5 stars
,
Â·
April 2024
,
Â·
Stayed with kids",Thank you! We had a good experience and we loved everything this town of Borger offered to us. This is a nice little home and perfect for our weekend getaway. Hope life bring us back to Borger again. We would def stay here again.
Eric,"Rating, 5 stars
,
Â·
February 2024
,
Â·
Stayed one night",Very nice place to stay! Looking forward to my next visit!
Eric,"Rating, 5 stars
,
Â·
February 2024
,
Â·
Stayed with kids",Great place to stay. I look forward to staying here in the future!
DeAnn,"Rating, 1 star
,
Â·
December 2023
,
Â·
Stayed one night",I would rather not
Nichole,"Rating, 5 stars
,
Â·
November 2023
,
Â·
Stayed a few nights",Cute house and was very thankful it was available when we decided to come to town last minute. Tracye was a very responsive and accommodating host. Borger is not that big so we were happy to stay in any part of town. The king bed is VERY comfortable. Tracye has done a great job at creating a modern comfortable experience in an older charming home.
Sharika,"Rating, 5 stars
,
Â·
November 2023
,
Â·
Stayed over a week",Enjoyed my short term stay. Nice little quaint peaceful home away from home. The host Tracye was very responsive and nice.
Christian,"Rating, 5 stars
,
Â·
September 2023
,
Â·
Stayed one night",Great stay!
Isabel,"Rating, 5 stars
,
Â·
September 2023
,
Â·
Stayed a few nights",Amazing decor! Adorable little house for a vacation!
Jason,"Rating, 5 stars
,
Â·
June 2023
,
Â·
Stayed a few nights","The place was Cozy, cute, comfy and clean. Trayce was very responsive and ensured it was a good visit. Overall I am happy i chose her place over a hotel."
Lisa,"Rating, 4 stars
,
Â·
June 2023
,
Â·
Stayed a few nights",It was very clean comfy beds & it felt like my own little home for the weekend!
Jessica,"Rating, 5 stars
,
Â·
June 2023
,
Â·
Stayed with kids",Tracye was very sweet! She had cookies waiting for us when we got there and was helpful on finding food!
Reymundo,"Rating, 5 stars
,
Â·
5 days ago
,
Â·
Stayed over a week",Enjoy it
Sean,"Rating, 5 stars
,
Â·
February 2024
,
Â·
Stayed about a week",Extremely quiet neighborhood and very peaceful. The house was easy to find and very clean! Everything worked with no issues. I managed to lock myself out of the house and Shaye got it unlocked while I was out working. She is super nice and quick to respond! We are coming back to town for more work and we intend to stay here again :)
Shayla,"Rating, 5 stars
,
Â·
January 2024
,
Â·
Stayed a few nights",Second time staying in this home while visiting family and would stay again!
Matthew,"Rating, 5 stars
,
Â·
December 2023
,
Â·
Group trip","This was an absolutely lovely place to stay! Everything was clean and cozy and the home was even decorated for the Christmas Holiday! I would highly recommend this place for anyone staying in the Borger area. The host, Shaye, was kind and friendly. She left great instructions for our arrival and clearly communicated expectations for our stay. Super quick with communication as well, even over a holiday. I'd give this place and the host 6 stars if I could!"
Yovan,"Rating, 5 stars
,
Â·
December 2023
,
Â·
Group trip",Very comfortable stay!
Chase,"Rating, 5 stars
,
Â·
November 2023
,
Â·
Stayed over a week",Very cozy home
Leonel,"Rating, 5 stars
,
Â·
November 2023
,
Â·
Group trip",Shayeâ€™s place was wonderful & Shaye herself is awesome. She was very friendly & easy to get in touch with if I ever had any questions. Definitely recommend this place. Thank you Shaye for making my first Airbnb experience a great one.
Maynard,"Rating, 5 stars
,
Â·
October 2023
,
Â·
Stayed over a week",Shaye was wonderful and easy to work with!! Her place felt very much like home away from home ğŸ˜Š enjoyed relaxing in the back yard
James,"Rating, 5 stars
,
Â·
September 2023
,
Â·
Stayed over a week",It was a quiet stay. The neighbors were friendly.
Luther,"Rating, 5 stars
,
Â·
April 2024
,
Â·
Stayed a few nights",it's ok. it serves its purposes and they're the perfect host. the only issue is the bed hurt my back.
Quiterio,"Rating, 5 stars
,
Â·
April 2024
,
Â·
Stayed over a week",10 out of 10 would stay again! I even extended my stay.
David,"Rating, 5 stars
,
Â·
December 2023
,
Â·
Stayed a few nights",Excellent and 5min from work I was assigned to.
Claudia,"Rating, 5 stars
,
Â·
December 2023
,
Â·
Stayed over a week","Only stayed there for a short period of time, but while there it was great."
Francois,"Rating, 4 stars
,
Â·
2 weeks ago
,
Â·
Stayed over a week",This was so close to work and this pace have everything you need while working out of town. Will definitely recommend this place.
Ivan,"Rating, 5 stars
,
Â·
April 2024
,
Â·
Stayed a few nights",great place
Rhonda,"Rating, 5 stars
,
Â·
April 2024
,
Â·
Stayed a few nights","It was my first experience at an Airbnb and it was a Great experience! If i'm ever in the area again I will surely stay there again!!!
I would highly recommend Jeff's place!!"
Lisa,"Rating, 5 stars
,
Â·
January 2024
,
Â·
Stayed a few nights","The apartment is just as pictured. It's spacious, clean, comfortable, and quiet. The host is always available for any needs."
Shawn,"Rating, 5 stars
,
Â·
November 2023
,
Â·
Stayed a few nights",always a great stay at Jeff's!
Linda,"Rating, 4 stars
,
Â·
August 2023
,
Â·
Stayed over a week",Quiet areaâ€¦beautiful scenery and nice shopsâ€¦very hot water
Emilie,"Rating, 5 stars
,
Â·
July 2023
,
Â·
Stayed a few nights",Was an amazing and clean place to stay.
Brandon,"Rating, 5 stars
,
Â·
July 2023
,
Â·
Stayed a few nights",Great place to stay and very affordable.
Emilio,"Rating, 5 stars
,
Â·
July 2023
,
Â·
Stayed about a week","My stay at Jeffâ€™s was immaculate, it was very clean and he was very helpful with any questions I asked him."
Joseph,"Rating, 5 stars
,
Â·
June 2023
,
Â·
Stayed over a week",Nice lil spot close to work and everything else Borger has to offer. Jeff is an excellent host and very responsive
Cynthia,"Rating, 5 stars
,
Â·
May 2023
,
Â·
Stayed a few nights",Loved everything about this place. And the soft bed was amazing! Jeff was very responsive to all our questions. Definitely stay here again!
Jose,"Rating, 5 stars
,
Â·
May 2023
,
Â·
Stayed over a week","Such a blessing of a place to be available when I needed it most. Convenient parking, minutes from the refinery and all shopping. Very responsive host, and Jeff is a super nice guy. Look forward to using this place again soon! Thank you for your hospitality."
Joe,"Rating, 5 stars
,
Â·
April 2023
,
Â·
Stayed over a week",Jeff was great to work with
Joe,"Rating, 5 stars
,
Â·
March 2023
,
Â·
Stayed over a week","Thanks, Jeff"
Roberto,"Rating, 5 stars
,
Â·
December 2022
,
Â·
Stayed a few nights",Really good place for what I need it
Shawn,"Rating, 5 stars
,
Â·
November 2022
,
Â·
Stayed a few nights",great roomy place!
Mandi,"Rating, 5 stars
,
Â·
October 2022
,
Â·
Stayed a few nights","This place is a steal. Seriously, it is homey, clean, Jeff is a perfect host and super fast on the communicating. This should be your go to when visiting the metropolis of Borger, TX."
Edward,"Rating, 4 stars
,
Â·
October 2022
,
Â·
Stayed over a week",No frills place that's a close drive to Lake Meredith. Jeff was a pleasant and attentive host.
Kurt,"Rating, 5 stars
,
Â·
September 2022
,
Â·
Stayed over a week",Jeffâ€™s place was just what I needed for a great stay. Close to the project I was working on and local restaurants. Very good communication. I will definitely stay again if in the area.
Shawn,"Rating, 5 stars
,
Â·
November 2021
,
Â·
Stayed a few nights",great experience and host! awesome communicator and very clean.
Brittany,"Rating, 5 stars
,
Â·
August 2021
,
Â·
Stayed about a week","Very clean, organized and literally one of the top 5 places Iâ€™ve stayed during my travels!!"
Lynn,"Rating, 5 stars
,
Â·
August 2021
,
Â·
Stayed a few nights",Jeff was awesome!! Everything was great.
Gordon,"Rating, 5 stars
,
Â·
August 2021
,
Â·
Stayed a few nights",Clean and great value.
Will,"Rating, 5 stars
,
Â·
May 2020
,
Â·
Stayed over a week","Jeff is an amazingly responsive host and has this unit priced extremely value friendly. The kitchen, full size fridge, and washer/dryer makes it incredibly convenient for longer term stays as well."
Maximiliano,"Rating, 5 stars
,
Â·
May 2020
,
Â·
Stayed a few nights","Clean and comfortable, Jeff was a great host and responded quickly"
Carl,"Rating, 5 stars
,
Â·
April 2020
,
Â·
Stayed about a week",Jeffs place was exactly what I needed!
Jessica,"Rating, 5 stars
,
Â·
April 2020
,
Â·
Stayed one night","This place had everything I needed. It was modern and spacious enough for two as well as sparkling clean. The host, Jeff, is very kind. It felt like home. Take note: it is the unit behind the house out front."
Robert,"Rating, 5 stars
,
Â·
January 2020
,
Â·
Stayed a few nights",You'll love this place
Robert,"Rating, 5 stars
,
Â·
January 2020
,
Â·
Stayed about a week",Best value around. Exceeded my expectations
John Nolan,"Rating, 5 stars
,
Â·
January 2020
,
Â·
Stayed one night","Good place to stay, worth it"
Marina,"Rating, 5 stars
,
Â·
December 2019
,
Â·
Stayed one night","We stayed here on a quick overnight while traveling elsewhere. It was easy to find but parking is a bit tricky (we ended up parking in alley next to it.) The space was open and clean. Clean linens and towels were provided. The mattress is very firm which my boyfriend loved, me not so much. Definitely a good value for the night, or longer if you need. As it is handicap accessible there is only a shower, but the water is very hot and had good pressure."
Lara,"Rating, 5 stars
,
Â·
December 2019
,
Â·
Stayed a few nights",Jeff was great! Had great tips for places to eat. . Comfy environment. . Amazing price!
Frida,"Rating, 5 stars
,
Â·
December 2019
,
Â·
Stayed a few nights","This was a great place. The furniture was very clean and well kept almost new. The whole place was well kept, clean, and cozy."
Michael,"Rating, 5 stars
,
Â·
December 2019
,
Â·
Stayed a few nights",Place is located in a great spot
Cynthia,"Rating, 5 stars
,
Â·
December 2019
,
Â·
Stayed one night",Recommend very private
Ratchnee,"Rating, 5 stars
,
Â·
December 2019
,
Â·
Stayed a few nights",Great place for short stay. Great price for the accommodation .
Michael,"Rating, 5 stars
,
Â·
December 2019
,
Â·
Stayed one night","Great stay, everything you need"
Shawn,"Rating, 5 stars
,
Â·
November 2019
,
Â·
Stayed a few nights",WOW! Home away from home. This pace EXCEEDED expectations especially for the PRICE! Awesome host and awesome place. Location is in the middle of town so you can get to anything fairly quick. We will be doing business with the host again soon.
Jamaica,"Rating, 5 stars
,
Â·
October 2019
,
Â·
Stayed about a week",We stayed here for about a month while working and it was perfect! It was very clean and Jeff was a great host! We will definitely be back when we're back in borger!
Blake,"Rating, 5 stars
,
Â·
September 2019
,
Â·
Stayed one night",Excellent stay - clean and cozy
Blake,"Rating, 5 stars
,
Â·
September 2019
,
Â·
Stayed over a week","Jeff has gone out of his way to make sure you have everything you need to feel at home. The apartment is quiet, spacious, well furnished, and close to the refineries and town."
Derek,"Rating, 5 stars
,
Â·
August 2019
,
Â·
Stayed one night",This place was perfect more then I expcted very clean and cozy fast respose and accommodating definitely staying here next time thanks jeff!
Robert,"Rating, 5 stars
,
Â·
August 2019
,
Â·
Stayed a few nights",Amazing host
Peyman,"Rating, 5 stars
,
Â·
August 2019
,
Â·
Stayed one night",Great space for relaxing. I strongly recommend.
Rey,"Rating, 5 stars
,
Â·
1 day ago
,
Â·
Group trip",Had a great stay easy to find and get to. Great location between town and the Lake. Comfortable and cozy cabins.
